UPN,Top_Y,Top_X,Top_Z
30306,365873.997559,2261441.747839,903.10699188
44864,365847.450314,2261441.724107,903.08783216
43670,365797.4937795,2261441.6255115,902.15226688
13088,365770.9936365,2261441.678159,901.5574608
13087,365744.383377,2261441.6682795,900.69893766
13100,365717.81354,2261441.6876175,899.90129106
13117,365691.134754,2261441.683613,899.28478156
13132,0,0,0
13118,0,0,0
13146,0,0,0
13145,0,0,0
21906,0,0,0
12970,0,0,0
46534,0,0,0
41102,0,0,0
12969,0,0,0
13144,0,0,0
41109,0,0,0
39614,0,0,0
13143,0,0,0
41108,365797.50913,2261227.224339,897.6568394
13142,0,0,0
41107,365770.945598,2261227.20755,896.61807368
13141,0,0,0
39629,0,0,0
21870,365744.310268,2261227.3067,895.52155929
13140,0,0,0
45278,0,0,0
21869,365717.778955,2261227.2634,895.0146048
13139,0,0,0
27191,0,0,0
21868,365690.94874,2261227.20995,894.55830607
13138,0,0,0
27204,0,0,0
21867,0,0,0
39633,0,0,0
21866,0,0,0
39613,0,0,0
21893,0,0,0
27190,0,0,0
44867,0,0,0
21894,0,0,0
27188,0,0,0
30272,0,0,0
47198,0,0,0
27187,0,0,0
30271,0,0,0
21895,0,0,0
27186,0,0,0
30270,0,0,0
21896,0,0,0
21924,0,0,0
30269,0,0,0
21923,0,0,0
30268,0,0,0
27185,0,0,0
21922,0,0,0
30267,0,0,0
27184,0,0,0
21921,0,0,0
30266,0,0,0
47600,0,0,0
21920,0,0,0
30265,0,0,0
27183,0,0,0
41106,0,0,0
47795,0,0,0
45263,0,0,0
27065,0,0,0
27064,0,0,0
27077,0,0,0
27063,0,0,0
27061,0,0,0
27060,0,0,0
27059,0,0,0
27058,0,0,0
47592,0,0,0
27057,0,0,0
27056,0,0,0
27055,0,0,0
27054,0,0,0
27053,365953.6903475,2260876.314915,899.22402
27052,365927.164184,2260876.256552,898.50426782
27051,365900.45909,2260876.231572,897.5023767
27050,365874.074991,2260876.277468,896.26418305
45264,365847.572295,2260876.281435,894.64081512
44020,365797.5590815,2260876.117381,891.65587188
13028,365770.9472875,2260876.0643125,890.83149032
13027,365744.2369005,2260876.184142,890.3662992
13026,365717.733189,2260876.0515935,889.95105493
13025,365691.190436,2260876.165542,889.7976558
13024,0,0,0
13023,0,0,0
13036,0,0,0
13053,0,0,0
46521,0,0,0
13068,0,0,0
13054,0,0,0
13082,0,0,0
13081,0,0,0
13080,0,0,0
13079,0,0,0
13078,0,0,0
39620,0,0,0
39619,0,0,0
45267,0,0,0
26969,0,0,0
26968,0,0,0
26967,0,0,0
26966,0,0,0
26965,0,0,0
26964,0,0,0
26963,0,0,0
26962,0,0,0
47594,0,0,0
26961,0,0,0
26960,0,0,0
26959,0,0,0
26958,0,0,0
26957,365953.7852,2260895.8635875,899.06107786
26956,365927.165646,2260895.9279,898.50586032
26955,365900.657944,2260895.803658,897.6114176
26954,365874.0949,2260895.779032,896.40768592
45268,365847.5569455,2260895.7632195,894.95799858
43767,365797.611612,2260895.690362,891.56610874
13077,365770.9377,2260895.6239,890.6939832
13076,365744.322835,2260895.61895,890.17407722
13075,365717.74026,2260895.72788,889.9131465
13074,365691.0979175,2260895.72177,889.91095074
13073,0,0,0
13072,0,0,0
13071,0,0,0
13070,0,0,0
46522,0,0,0
13083,0,0,0
13069,0,0,0
13067,0,0,0
13066,0,0,0
13065,0,0,0
13064,0,0,0
13063,0,0,0
39618,0,0,0
39617,0,0,0
45271,0,0,0
27000,0,0,0
27013,0,0,0
26999,0,0,0
26997,0,0,0
26996,0,0,0
26995,0,0,0
26994,0,0,0
26993,0,0,0
47596,0,0,0
26992,0,0,0
26991,0,0,0
26990,0,0,0
26989,0,0,0
26988,365953.8006365,2260915.2393605,899.15134871
26987,365927.2200325,2260915.287815,898.8220045
26986,365900.6164445,2260915.27593,898.02175505
26985,365874.2213565,2260915.3106125,897.07396285
45272,365847.397,2260915.3203,895.75955772
43659,365797.558639,2260915.2100585,891.87393943
13062,365770.962166,2260915.169282,890.9538216
13061,365744.3652655,2260915.1954495,890.28547503
13060,365717.758242,2260915.204692,889.96261507
13059,365691.072035,2260915.1498025,889.85088122
13058,0,0,0
13057,0,0,0
13056,0,0,0
13055,0,0,0
46523,0,0,0
13022,0,0,0
13021,0,0,0
13020,0,0,0
13004,0,0,0
12986,0,0,0
12985,0,0,0
12984,0,0,0
39616,0,0,0
39615,0,0,0
45275,0,0,0
27159,0,0,0
27172,0,0,0
27158,0,0,0
27156,0,0,0
27155,0,0,0
27154,0,0,0
27153,0,0,0
27152,0,0,0
47598,0,0,0
27151,0,0,0
27150,0,0,0
27149,0,0,0
27148,0,0,0
27147,365953.8898495,2260934.8126795,899.18045002
27146,365927.227565,2260934.8401,898.86516913
27145,365900.67955,2260934.83565,898.17757662
27144,365874.109262,2260934.76955,897.34822847
45276,365847.5685635,2260934.7583,896.2110856
43660,365797.507663,2260934.697137,892.3838124
12983,365770.953711,2260934.664238,891.32562824
12982,365744.2924325,2260934.6603165,890.56483505
12981,365717.797885,2260934.6854,890.06951652
12980,365691.146153,2260934.660885,889.90784611
12979,0,0,0
12978,0,0,0
12977,0,0,0
12976,0,0,0
46524,0,0,0
12975,0,0,0
12974,0,0,0
12973,0,0,0
12972,0,0,0
12971,0,0,0
41105,0,0,0
30264,0,0,0
27182,0,0,0
41089,365797.5581435,2261246.6813805,898.06420954
30263,0,0,0
27181,0,0,0
41090,365770.98278,2261246.708956,896.97835426
30262,0,0,0
27180,0,0,0
21884,365744.295284,2261246.757331,896.1384614
30289,0,0,0
27179,365953.723477,2260954.294155,899.16871235
21883,365717.832792,2261246.719097,895.5880376
30290,365953.776465,2261461.2119035,903.05766984
27178,365927.264643,2260954.2481955,898.87355056
21882,365691.19539,2261246.739986,895.32510872
30291,365927.155669,2261461.204593,902.82124488
27177,365900.698565,2260954.3024185,898.27295653
21881,0,0,0
27176,365874.068592,2260954.266394,897.43597092
21880,0,0,0
45261,365847.5046,2260954.4865485,896.2838924
30292,365900.553015,2261461.20307,902.8522455
21879,0,0,0
43661,365797.556558,2260954.2499345,892.86430972
30320,365874.04857,2261461.25603,902.8838
21878,0,0,0
12968,365770.965553,2260954.207072,891.72214413
44868,365847.43555,2261461.28437,902.82384846
47197,0,0,0
12967,365744.3799725,2260954.18841,890.82812896
43671,365797.60464,2261461.201456,902.15275446
21877,0,0,0
12966,365717.839925,2260954.2101375,890.26701518
13137,365770.967094,2261461.301478,901.58460235
21876,0,0,0
12965,365691.2790775,2260954.093735,889.90600432
13136,365744.336628,2261461.184184,900.9106736
21875,0,0,0
12964,0,0,0
21874,0,0,0
12963,0,0,0
21873,0,0,0
13135,365717.77152,2261461.203162,899.88430435
12962,0,0,0
21872,0,0,0
13134,365691.048071,2261461.210548,899.19007443
12961,0,0,0
21871,0,0,0
13147,0,0,0
46525,0,0,0
41091,0,0,0
13133,0,0,0
12960,0,0,0
41092,0,0,0
13131,0,0,0
12987,0,0,0
2206,0,0,0
13130,0,0,0
12988,0,0,0
2205,0,0,0
12989,0,0,0
2204,0,0,0
12990,0,0,0
46519,0,0,0
2203,0,0,0
13018,0,0,0
13129,0,0,0
2202,0,0,0
13017,0,0,0
13128,0,0,0
2210,0,0,0
39630,0,0,0
13127,0,0,0
2221,0,0,0
39631,0,0,0
13126,0,0,0
2222,0,0,0
44653,0,0,0
13125,0,0,0
2223,0,0,0
21944,0,0,0
5884,0,0,0
21957,0,0,0
2242,0,0,0
13124,0,0,0
21943,0,0,0
2241,0,0,0
13123,0,0,0
21941,0,0,0
2240,0,0,0
39612,0,0,0
21940,0,0,0
2239,0,0,0
39611,0,0,0
21939,0,0,0
2238,365953.815569,2261266.222502,903.0579243
44871,0,0,0
21938,0,0,0
2237,365927.242114,2261266.212815,902.83365305
30303,0,0,0
21937,0,0,0
2236,365900.634284,2261266.208942,902.57760364
2235,365874.1067405,2261266.290997,901.95736929
47193,0,0,0
2234,365847.482231,2261266.184335,901.04351136
30302,0,0,0
21936,0,0,0
41077,365797.599268,2261266.180488,898.2842
30301,0,0,0
21935,0,0,0
41076,365771.096544,2261266.3248,897.38431345
30300,0,0,0
21934,0,0,0
21962,365744.3733315,2261266.178899,896.7918709
30299,0,0,0
21933,0,0,0
21961,365717.7748875,2261266.2259625,896.23600482
30298,0,0,0
21932,365953.80083,2260973.812327,898.99773816
21928,365691.1997475,2261266.2063705,896.0239143
30297,0,0,0
21931,365927.354851,2260973.801399,898.59413679
21927,0,0,0
21930,365900.715954,2260973.801065,897.9013802
21926,0,0,0
21929,365874.2104,2260973.787033,896.96530468
30296,0,0,0
21910,0,0,0
44654,365847.464085,2260973.868359,895.98334072
47797,0,0,0
21892,0,0,0
43662,365797.541088,2260973.775238,893.01643024
30295,0,0,0
13016,365771.0963885,2260973.7655345,891.86281608
47196,0,0,0
30294,0,0,0
13015,365744.3937405,2260973.6980335,890.96209712
21891,0,0,0
30293,0,0,0
13014,365717.8188225,2260973.725751,890.4260742
21890,0,0,0
30354,0,0,0
13013,365691.2452025,2260973.7402285,890.09184873
21889,0,0,0
13012,0,0,0
21888,0,0,0
13011,0,0,0
30386,365953.789596,2261480.705148,902.98845528
21887,0,0,0
13010,0,0,0
30387,365927.2050005,2261480.696236,902.64582726
21886,0,0,0
13009,0,0,0
30388,365900.580097,2261480.699877,902.48793846
21885,0,0,0
46526,0,0,0
30480,365874.02664,2261480.752482,902.56995926
41075,0,0,0
13008,0,0,0
44872,365847.452746,2261480.816148,902.4448354
41074,0,0,0
13007,0,0,0
43672,365797.525398,2261480.721354,901.86850657
44760,0,0,0
13006,0,0,0
22367,0,0,0
13019,0,0,0
22366,0,0,0
13122,365770.8576,2261480.6797085,901.51595712
13005,0,0,0
22365,0,0,0
13121,365744.516026,2261480.755078,900.82128848
13003,0,0,0
22364,0,0,0
13120,365717.8616905,2261480.887236,899.88654765
13002,0,0,0
22363,0,0,0
13119,365691.167468,2261480.757942,899.16158385
39632,0,0,0
22362,0,0,0
12959,0,0,0
39648,0,0,0
22361,0,0,0
12958,0,0,0
44655,0,0,0
22360,0,0,0
21942,0,0,0
47208,0,0,0
21959,0,0,0
12957,0,0,0
22359,0,0,0
21974,0,0,0
12830,0,0,0
22358,0,0,0
21960,0,0,0
46535,0,0,0
22371,0,0,0
21988,0,0,0
12796,0,0,0
22357,0,0,0
21987,0,0,0
12795,0,0,0
22355,365953.911651,2261285.769727,903.28405795
21986,0,0,0
12794,0,0,0
22354,365927.187177,2261285.76229,903.07115916
21985,0,0,0
22353,365900.5833245,2261285.72005,902.76011784
47194,0,0,0
12793,0,0,0
40980,365874.057783,2261285.75664,902.14001143
21984,0,0,0
12792,0,0,0
40979,365847.322282,2261285.818461,901.18621766
21983,0,0,0
12791,0,0,0
41081,365797.578638,2261285.730239,898.6013781
21982,0,0,0
12790,0,0,0
41080,365771.057924,2261285.734979,897.93160338
21981,0,0,0
39592,0,0,0
21976,365744.4305875,2261285.7719,897.43660108
21980,365953.8086535,2260993.2854675,898.8083228
39590,0,0,0
21989,365717.776854,2261285.724368,897.1486274
21979,365927.40865,2260993.3185985,898.22731096
44875,0,0,0
21978,365900.7117805,2260993.265149,897.37916948
30463,0,0,0
21977,365874.073225,2260993.276132,896.20342308
21975,365691.289736,2261285.683884,896.7749976
30462,0,0,0
44656,365847.515733,2260993.31065,895.1971591
21973,0,0,0
30461,0,0,0
44669,365797.598364,2260993.265847,892.82490537
21972,0,0,0
30460,0,0,0
22118,365771.029416,2260993.2257325,891.9733614
21971,0,0,0
30459,0,0,0
22117,365744.35759,2260993.202976,891.3383292
21970,0,0,0
30458,0,0,0
21990,365717.840774,2260993.213744,890.5612814
47195,0,0,0
30457,0,0,0
21956,365691.282868,2260993.212067,889.99579072
30456,0,0,0
21955,0,0,0
47798,0,0,0
21969,0,0,0
21954,0,0,0
30455,0,0,0
21968,0,0,0
21953,0,0,0
30454,0,0,0
21967,0,0,0
21952,0,0,0
30453,0,0,0
21966,0,0,0
47192,0,0,0
30466,0,0,0
21965,0,0,0
21951,0,0,0
30483,365953.75958,2261500.2966275,902.69736425
21964,0,0,0
21950,0,0,0
30498,365927.263125,2261500.30962,902.2152437
30484,365900.65667,2261500.288535,902.00464784
21949,0,0,0
30512,365874.090105,2261500.288007,902.11428182
21963,0,0,0
21948,0,0,0
44876,365847.466275,2261500.277275,901.91844172
41079,0,0,0
21947,0,0,0
43673,365797.6221995,2261500.2160935,901.432566
41078,0,0,0
21946,0,0,0
12789,365770.989023,2261500.360769,900.91425608
45293,0,0,0
21945,0,0,0
12788,365744.3180415,2261500.381685,900.38801479
29511,0,0,0
41083,0,0,0
12787,365717.8125755,2261500.282743,899.53428092
29510,0,0,0
41082,0,0,0
12786,365691.300836,2261500.326718,898.88179776
44757,0,0,0
12785,0,0,0
22334,0,0,0
29509,0,0,0
12784,0,0,0
22333,0,0,0
29508,0,0,0
12797,0,0,0
22332,0,0,0
29507,0,0,0
12783,0,0,0
22331,0,0,0
29506,0,0,0
46518,0,0,0
22330,0,0,0
29505,0,0,0
12781,0,0,0
22329,0,0,0
29504,0,0,0
12780,0,0,0
22328,0,0,0
12779,0,0,0
22327,0,0,0
12778,0,0,0
47675,0,0,0
47223,0,0,0
12777,0,0,0
29503,0,0,0
22326,0,0,0
12776,0,0,0
29502,0,0,0
22339,0,0,0
12775,0,0,0
29501,0,0,0
22325,0,0,0
39589,0,0,0
29500,0,0,0
22323,0,0,0
39588,0,0,0
29499,365953.8448135,2261305.2682,903.312
22322,365953.877504,2261012.7889255,898.44171903
44899,0,0,0
22321,365927.3717305,2261012.7558055,897.73879354
30495,0,0,0
22320,365900.709504,2261012.777468,896.80777497
29526,365927.148751,2261305.208352,903.1471084
30494,0,0,0
22319,365874.1917825,2261012.809038,895.5460413
29527,365900.516338,2261305.200849,902.79103745
30493,0,0,0
44758,365847.5482425,2261012.7690295,894.65412068
29528,365873.987296,2261305.218576,902.18561984
30492,0,0,0
44707,365797.6155225,2261012.6834,892.77599391
45294,365847.44085,2261305.258291,901.2277755
30491,0,0,0
22293,365770.9953115,2261012.673822,892.30096147
43663,365797.570126,2261305.241198,898.81933818
30490,0,0,0
22291,365744.343652,2261012.732288,891.87485757
13001,365770.933876,2261305.2679225,898.24175596
30489,0,0,0
22290,365717.8339735,2261012.746037,891.19208152
30488,0,0,0
22289,365691.3287,2261012.700264,890.50325837
47779,0,0,0
13000,365744.5187665,2261305.301287,898.03078522
22288,0,0,0
30487,0,0,0
12999,365717.73429,2261305.2035485,897.91650348
22287,0,0,0
30486,0,0,0
12998,365691.1966835,2261305.3218445,897.56133142
22286,0,0,0
30485,0,0,0
12997,0,0,0
22285,0,0,0
30452,0,0,0
12996,0,0,0
47191,0,0,0
30482,365953.84335,2261519.7784825,902.42253753
12995,0,0,0
22284,0,0,0
30451,365927.206234,2261519.754532,901.99289256
22283,0,0,0
30418,365900.577464,2261519.768429,901.76809643
22282,0,0,0
12994,0,0,0
30416,365874.087713,2261519.779429,901.75866297
22281,0,0,0
46527,0,0,0
44917,365847.529098,2261519.781854,901.47069832
22280,0,0,0
12993,0,0,0
43658,365797.5878525,2261519.8010025,900.45851006
22279,0,0,0
12992,0,0,0
12774,365770.976857,2261519.758749,900.11409466
22119,0,0,0
12991,0,0,0
12773,365744.48639,2261519.85615,899.53697514
41085,0,0,0
13052,0,0,0
12772,365717.813879,2261519.8339365,898.79957075
41084,0,0,0
44755,0,0,0
12771,365691.304685,2261519.730208,898.2485108
22158,0,0,0
13084,0,0,0
12770,0,0,0
22157,0,0,0
13085,0,0,0
12769,0,0,0
22156,0,0,0
13086,0,0,0
12782,0,0,0
22155,0,0,0
39647,0,0,0
12799,0,0,0
22154,0,0,0
39646,0,0,0
46516,0,0,0
22153,0,0,0
45091,0,0,0
12814,0,0,0
22152,0,0,0
12800,0,0,0
22151,0,0,0
12828,0,0,0
29542,0,0,0
47222,0,0,0
12827,0,0,0
29541,0,0,0
22212,0,0,0
12826,0,0,0
29540,0,0,0
22244,0,0,0
12825,0,0,0
29539,0,0,0
22245,0,0,0
12824,0,0,0
29538,0,0,0
22246,0,0,0
39587,0,0,0
29537,0,0,0
22338,365953.845036,2261032.241962,897.9937557
39586,0,0,0
22337,365927.257983,2261032.244878,897.36815701
44921,0,0,0
22336,365900.644131,2261032.233685,896.5119225
29536,0,0,0
30399,0,0,0
22335,365874.08985,2261032.1822055,895.98891524
29535,0,0,0
30398,0,0,0
44756,365847.50165,2261032.3083955,895.3480476
47828,0,0,0
30397,0,0,0
44708,365797.634794,2261032.212715,893.4894414
29534,0,0,0
30396,0,0,0
22278,365771.1064095,2261032.1956085,892.87066105
29533,0,0,0
30395,0,0,0
22306,365744.44715,2261032.253586,892.30172492
29532,0,0,0
30394,0,0,0
22305,365717.81924,2261032.22907,892.00139549
30393,0,0,0
22304,365691.2749625,2261032.166345,891.146261
30392,0,0,0
29531,0,0,0
22303,0,0,0
47765,0,0,0
29530,365953.865436,2261324.796434,903.27200464
22302,0,0,0
30391,0,0,0
29591,365927.2399725,2261324.80947,903.05652604
22301,0,0,0
30390,0,0,0
29624,365900.6026925,2261324.7382345,902.75942242
22300,0,0,0
30389,0,0,0
29718,365874.1073405,2261324.7658365,902.1130398
47190,0,0,0
30402,0,0,0
45384,365847.53184,2261324.736395,901.27780268
22299,0,0,0
30419,365953.7013425,2261539.280855,902.1777577
22298,0,0,0
30434,365927.228314,2261539.27635,901.59819585
22297,0,0,0
43664,365797.509485,2261324.79253,899.1712262
30420,365900.6600555,2261539.2442365,901.31828679
22296,0,0,0
13178,365770.8514,2261324.7654665,898.76812197
30448,365874.029078,2261539.26693,901.30728896
22295,0,0,0
13177,365744.195775,2261324.74893,898.634191
44922,365847.463581,2261539.305423,901.1638292
22294,0,0,0
13176,365717.669905,2261324.747002,898.47171648
43674,365797.4986695,2261539.2489865,899.71490496
22307,0,0,0
13175,365691.170282,2261324.76469,898.19002112
12823,365771.04927,2261539.33586,899.0787936
41087,0,0,0
13174,0,0,0
12822,365744.441622,2261539.306692,898.4758894
41086,0,0,0
12821,365717.793594,2261539.357486,897.84024202
44709,365797.6310925,2261051.659685,894.24028408
12820,365691.12729,2261539.261252,897.37693236
13173,0,0,0
22258,365770.924051,2261051.772637,893.38845598
12819,0,0,0
13172,0,0,0
22257,365744.46929,2261051.684275,892.7091282
12818,0,0,0
13171,0,0,0
22256,365717.8903,2261051.690468,892.13135474
12817,0,0,0
46528,0,0,0
22255,365691.220975,2261051.7017125,891.63986207
12816,0,0,0
13170,0,0,0
22254,0,0,0
46501,0,0,0
13169,0,0,0
22253,0,0,0
12829,0,0,0
13168,0,0,0
22252,0,0,0
13167,0,0,0
12815,0,0,0
13166,0,0,0
22251,0,0,0
12813,0,0,0
13179,0,0,0
47205,0,0,0
12812,0,0,0
13165,0,0,0
22250,0,0,0
12811,0,0,0
39645,0,0,0
22249,0,0,0
12810,0,0,0
39644,0,0,0
22248,0,0,0
12809,0,0,0
45395,0,0,0
22247,0,0,0
29701,0,0,0
22260,0,0,0
29700,0,0,0
39585,0,0,0
22277,0,0,0
29699,0,0,0
39584,0,0,0
22292,0,0,0
29698,0,0,0
44585,0,0,0
41035,0,0,0
29697,0,0,0
8415,0,0,0
41088,0,0,0
29696,0,0,0
8414,0,0,0
44762,365797.625509,2261071.100218,895.06961726
8413,0,0,0
29695,0,0,0
22273,365771.020225,2261071.2197875,894.11885454
8412,0,0,0
8411,0,0,0
22272,365744.4005215,2261071.172352,893.3477068
8472,0,0,0
29694,0,0,0
22271,365717.86723,2261071.21965,892.69354351
8504,0,0,0
47783,0,0,0
22270,365691.25239,2261071.181933,891.9910232
8505,0,0,0
29693,0,0,0
22269,0,0,0
46175,0,0,0
29692,0,0,0
22268,0,0,0
8506,0,0,0
29691,0,0,0
22267,0,0,0
8598,0,0,0
29690,0,0,0
22266,0,0,0
8597,0,0,0
47206,0,0,0
39128,0,0,0
22265,0,0,0
29689,365953.813676,2261344.280233,903.26867932
39127,365966.814078,2261227.257672,902.74544038
22264,0,0,0
29702,365927.270085,2261344.305185,903.11653006
44584,0,0,0
22263,0,0,0
29719,365900.640913,2261344.275335,902.86874838
8426,0,0,0
22262,0,0,0
29734,365874.032768,2261344.332082,902.3772
8439,0,0,0
22275,0,0,0
44882,365847.502804,2261344.357908,901.6764137
8425,0,0,0
22261,0,0,0
43665,365797.5248025,2261344.2996965,899.7271856
8423,0,0,0
22259,0,0,0
8422,0,0,0
41034,0,0,0
8421,0,0,0
13163,365771.032121,2261344.2903745,899.3477922
41100,0,0,0
8420,0,0,0
13162,365744.314185,2261344.290457,899.32523525
44761,365797.588376,2261090.685852,895.66174996
8419,0,0,0
13161,365717.687062,2261344.298478,899.12736215
22352,365770.970854,2261090.524384,894.75703736
46190,0,0,0
13160,365691.172086,2261344.258288,898.76155531
22351,365744.366718,2261090.700773,894.0073132
8418,0,0,0
13159,0,0,0
22350,365718.0069925,2261090.698372,893.2641684
8417,0,0,0
13158,0,0,0
22349,365691.276109,2261090.716541,892.5250319
8416,0,0,0
22348,0,0,0
39131,0,0,0
22347,0,0,0
13157,0,0,0
39129,365966.7683,2261207.812091,902.77383212
22346,0,0,0
13156,0,0,0
44583,0,0,0
22345,0,0,0
46529,0,0,0
8437,0,0,0
47207,0,0,0
13155,0,0,0
8436,0,0,0
22344,0,0,0
13154,0,0,0
8435,0,0,0
22343,0,0,0
13153,0,0,0
8434,0,0,0
22310,0,0,0
8433,0,0,0
22340,0,0,0
8432,0,0,0
13152,0,0,0
22309,0,0,0
8431,0,0,0
13151,0,0,0
22276,0,0,0
8430,0,0,0
13164,0,0,0
22274,0,0,0
46189,0,0,0
13181,0,0,0
40978,0,0,0
8429,0,0,0
39643,0,0,0
41023,0,0,0
8428,0,0,0
39642,0,0,0
41351,365797.54045,2261110.19901,896.16580032
8427,0,0,0
41350,365771.02215,2261110.240837,895.3380714
39151,0,0,0
25267,365744.388238,2261110.1655895,894.8355143
44885,0,0,0
39150,365966.771423,2261188.2196965,902.18220808
25295,365717.687271,2261110.1976215,894.18496329
29733,0,0,0
44582,0,0,0
25294,365691.324404,2261110.204541,893.12276771
29732,0,0,0
8385,0,0,0
25293,0,0,0
29731,0,0,0
8384,0,0,0
25292,0,0,0
29730,0,0,0
8383,0,0,0
25291,0,0,0
29729,0,0,0
8382,0,0,0
25290,0,0,0
8381,0,0,0
47508,0,0,0
8380,0,0,0
29728,0,0,0
25289,0,0,0
8407,0,0,0
29727,0,0,0
25288,0,0,0
8408,0,0,0
29726,0,0,0
25287,0,0,0
46188,0,0,0
47785,0,0,0
25286,0,0,0
8409,0,0,0
29725,0,0,0
25285,0,0,0
8410,0,0,0
29724,0,0,0
25284,0,0,0
8438,0,0,0
25283,0,0,0
39172,0,0,0
41349,0,0,0
39152,365966.78305,2261168.69566,901.68176259
41348,0,0,0
29723,0,0,0
44749,0,0,0
5475,0,0,0
29722,0,0,0
22143,0,0,0
5474,0,0,0
29721,365953.6543145,2261363.841892,903.54071769
22142,0,0,0
5473,0,0,0
29688,365927.14345,2261363.74765,903.28033161
22141,0,0,0
5472,0,0,0
29687,365900.568894,2261363.74885,903.05749274
22140,0,0,0
5471,0,0,0
29686,365873.9512605,2261363.819891,902.59129973
5470,0,0,0
44886,365847.513018,2261363.769341,901.90549037
5469,0,0,0
22139,0,0,0
43666,365797.516117,2261363.872574,900.35137165
5468,0,0,0
22138,0,0,0
13196,365770.941155,2261363.793704,899.9204774
5467,0,0,0
22137,0,0,0
13182,365744.4309085,2261363.808017,899.83082128
6088,0,0,0
22136,0,0,0
13210,365717.867114,2261363.8243915,899.63334413
5466,0,0,0
47219,0,0,0
13209,365691.161514,2261363.783707,899.35053354
5465,0,0,0
22135,0,0,0
13208,0,0,0
5464,0,0,0
13207,0,0,0
5463,0,0,0
13206,0,0,0
22134,0,0,0
5462,365953.776377,2261129.741403,899.91267398
13205,0,0,0
22133,0,0,0
5461,365927.200062,2261129.73083,899.6248802
46530,0,0,0
22132,0,0,0
5460,365900.629802,2261129.760742,899.6944477
13204,0,0,0
22131,365953.8250475,2261051.7487975,897.70271477
5459,365874.027305,2261129.78747,899.83935373
13203,0,0,0
22130,365927.2922115,2261051.7463445,897.11079237
5436,365847.5754425,2261129.7100845,899.62051367
13202,0,0,0
22129,365900.7792585,2261051.71539,896.86754556
41347,365797.5625025,2261129.6855925,896.63684114
13201,0,0,0
41346,365771.0159515,2261129.672411,895.89924328
13200,0,0,0
13199,0,0,0
22128,365873.97644,2261051.7171675,896.87753334
25296,365744.307275,2261129.755055,895.4733241
13198,0,0,0
44750,365847.4132375,2261051.735725,896.56566744
25282,365717.8503825,2261129.702605,894.74387768
39649,0,0,0
44751,0,0,0
25280,365691.1368585,2261129.665507,893.66498422
39641,0,0,0
22127,0,0,0
25279,0,0,0
44889,0,0,0
22126,0,0,0
25278,0,0,0
29637,0,0,0
22125,0,0,0
25277,0,0,0
29636,0,0,0
25276,0,0,0
29635,0,0,0
47509,0,0,0
22124,0,0,0
29634,0,0,0
25275,0,0,0
22123,0,0,0
29633,0,0,0
25274,0,0,0
22122,0,0,0
25273,0,0,0
22121,0,0,0
29632,0,0,0
25272,0,0,0
22120,0,0,0
29631,0,0,0
25271,0,0,0
47220,0,0,0
29630,0,0,0
25270,0,0,0
22147,0,0,0
22148,0,0,0
25269,0,0,0
22149,0,0,0
47787,0,0,0
41345,0,0,0
22150,0,0,0
29629,0,0,0
41344,0,0,0
22178,365953.7529215,2261071.2946065,897.7324118
29628,0,0,0
5478,0,0,0
22177,365927.2300135,2261071.303047,897.51575264
29627,0,0,0
5435,0,0,0
22176,365900.582972,2261071.308042,897.6318676
29626,0,0,0
5433,0,0,0
22175,365873.909875,2261071.2209975,897.8375996
29653,365953.925546,2261383.231494,903.46232016
5409,0,0,0
44752,365847.34435,2261071.2561985,897.78724668
5408,0,0,0
44753,0,0,0
29654,365927.22825,2261383.304968,903.28939872
5407,0,0,0
22174,0,0,0
29655,365900.548422,2261383.304088,903.25107397
5406,0,0,0
22173,0,0,0
29656,365873.951386,2261383.3616,902.9498128
5405,0,0,0
22172,0,0,0
44890,365847.40458,2261383.3000205,902.44038003
5404,0,0,0
22171,0,0,0
43667,365797.581354,2261383.30138,901.0562307
6081,0,0,0
22170,0,0,0
13211,365771.0663385,2261383.2038835,900.42889505
5403,0,0,0
22169,0,0,0
13197,365744.3830325,2261383.3027895,900.18380655
22168,0,0,0
13195,365717.7588495,2261383.2772175,899.9566022
22167,0,0,0
5402,0,0,0
13194,365691.188333,2261383.302203,899.65997216
47221,0,0,0
5410,0,0,0
13193,0,0,0
22166,0,0,0
5401,0,0,0
13192,0,0,0
22179,0,0,0
5399,365953.838613,2261149.146913,900.53178639
13191,0,0,0
22165,0,0,0
5398,365927.1345015,2261149.2796205,900.22787802
13190,0,0,0
22163,0,0,0
5397,365900.626142,2261149.23582,900.20200112
46531,0,0,0
22162,365953.724692,2261090.710836,898.24489624
13189,0,0,0
22161,365927.2006955,2261090.810081,898.17299264
13188,0,0,0
5396,365874.022525,2261149.270975,900.0992646
22160,365900.577572,2261090.7816415,898.45288074
13187,0,0,0
5395,365847.4756285,2261149.1856405,899.67150488
22159,365873.793248,2261090.741212,898.73741217
13186,0,0,0
41343,365797.5076935,2261149.2250065,897.0328749
44754,365847.20945,2261090.687908,898.66153113
13185,0,0,0
41358,365770.9137695,2261149.2138435,896.5210737
44759,0,0,0
13184,0,0,0
25268,365744.364852,2261149.277144,895.94902514
22318,0,0,0
13183,0,0,0
25235,365717.7776425,2261149.3315,895.1468626
22317,0,0,0
39639,0,0,0
22316,0,0,0
39638,0,0,0
22315,0,0,0
25234,365691.153836,2261149.227314,894.04456896
44893,0,0,0
22314,0,0,0
25233,0,0,0
29668,0,0,0
22313,0,0,0
25217,0,0,0
29667,0,0,0
22312,0,0,0
25199,0,0,0
29666,0,0,0
22311,0,0,0
25198,0,0,0
29665,0,0,0
47224,0,0,0
47510,0,0,0
29664,0,0,0
22324,0,0,0
22341,0,0,0
29663,0,0,0
22356,0,0,0
25197,0,0,0
29662,0,0,0
22342,0,0,0
25196,0,0,0
29661,0,0,0
22370,365953.793075,2261110.241725,898.95128602
25195,0,0,0
47789,0,0,0
22369,365927.155928,2261110.305344,898.84361275
25194,0,0,0
29660,0,0,0
22368,365900.6667175,2261110.2289535,899.03939728
25193,0,0,0
29659,0,0,0
40982,365873.99481,2261110.1493,899.276536
25192,0,0,0
29658,0,0,0
40981,365847.4766,2261110.156695,899.2247
29657,0,0,0
2233,0,0,0
29941,365953.84195,2261402.850802,903.45444978
25191,0,0,0
2232,0,0,0
30006,365927.203259,2261402.77815,903.25099256
41360,0,0,0
2231,0,0,0
30450,365900.606027,2261402.823949,903.1702098
41377,0,0,0
2230,0,0,0
30007,365874.1606635,2261402.7372415,903.20737058
41361,365797.4871,2261168.700785,897.33787984
2229,0,0,0
44894,365847.464721,2261402.787629,902.8823683
41376,365770.913094,2261168.739284,896.60014108
2228,0,0,0
43668,365797.6099265,2261402.82045,901.67576073
25190,365744.30093,2261168.69943,896.0510556
2227,0,0,0
13150,365770.917358,2261402.851638,900.93638614
13180,365744.3747525,2261402.83035,900.47304943
2226,0,0,0
13149,365717.850642,2261402.838484,899.96854756
25189,365717.693795,2261168.68845,895.26727228
2225,0,0,0
13116,365691.206257,2261402.830551,899.50308842
25188,365691.164874,2261168.703437,894.31736655
5883,0,0,0
13114,0,0,0
25187,0,0,0
2224,0,0,0
13113,0,0,0
25186,0,0,0
2201,0,0,0
13112,0,0,0
25185,0,0,0
2200,0,0,0
13111,0,0,0
25184,0,0,0
2199,0,0,0
46532,0,0,0
2177,365953.7643725,2261246.7275925,902.82495954
13110,0,0,0
2175,365927.2543065,2261246.693876,902.46141638
47457,0,0,0
13109,0,0,0
2174,365900.6083235,2261246.6635,902.19648836
25183,0,0,0
13108,0,0,0
2173,365873.973988,2261246.758469,901.61411948
25182,0,0,0
13107,0,0,0
2172,365847.538792,2261246.8348,900.81489398
25181,0,0,0
13106,0,0,0
25180,0,0,0
13105,0,0,0
25179,0,0,0
13104,0,0,0
39637,0,0,0
39636,0,0,0
25178,0,0,0
44881,0,0,0
25177,0,0,0
30336,0,0,0
41375,0,0,0
30335,0,0,0
41374,0,0,0
30334,0,0,0
41101,365797.507135,2261188.259745,897.4424029
30333,0,0,0
41099,365770.9504785,2261188.2442795,896.38504025
30332,0,0,0
30331,0,0,0
21905,365744.381586,2261188.262878,895.90597479
30330,0,0,0
21904,365717.8670045,2261188.2449265,895.0946552
30329,0,0,0
21903,365691.21207,2261188.24233,894.2266563
47791,0,0,0
21902,0,0,0
30328,0,0,0
21901,0,0,0
30327,0,0,0
21900,0,0,0
30326,0,0,0
21899,0,0,0
30325,0,0,0
47200,0,0,0
30338,365953.8010665,2261422.1902,903.2147
21898,0,0,0
30355,365927.14782,2261422.20929,903.06160784
21897,0,0,0
30370,365900.552416,2261422.220922,903.10125527
21958,0,0,0
30356,365874.01591,2261422.2028,903.15938329
21991,0,0,0
44897,365847.3756,2261422.186042,903.01952408
22085,0,0,0
43669,365797.484301,2261422.066369,901.99464364
21992,0,0,0
13103,365770.949635,2261422.13556,901.22279479
22083,0,0,0
13102,365744.3356005,2261422.183693,900.46071948
41098,0,0,0
13115,365717.723582,2261422.203866,899.822
41097,0,0,0
13101,365691.1358285,2261422.176962,899.21475042
41104,365797.4866315,2261207.7298475,897.4020126
13099,0,0,0
41103,365770.889712,2261207.845381,896.37920965
13098,0,0,0
21919,365744.352263,2261207.838024,895.57423064
13097,0,0,0
21918,365717.74888,2261207.87113,894.91069786
13096,0,0,0
21917,365691.223234,2261207.7858345,894.2701236
46533,0,0,0
21916,0,0,0
13095,0,0,0
21915,0,0,0
13094,0,0,0
21914,0,0,0
13093,0,0,0
21913,0,0,0
13092,0,0,0
47199,0,0,0
13091,0,0,0
21912,0,0,0
13090,0,0,0
21925,0,0,0
13089,0,0,0
21911,0,0,0
39635,0,0,0
21909,0,0,0
39634,0,0,0
21908,0,0,0
44863,0,0,0
21907,0,0,0
30368,0,0,0
30367,0,0,0
30366,0,0,0
30365,0,0,0
30364,0,0,0
30363,0,0,0
30362,0,0,0
30361,0,0,0
47793,0,0,0
30360,0,0,0
30359,0,0,0
30358,0,0,0
30357,0,0,0
30324,365953.803249,2261441.77767,903.17138636
30323,365927.242034,2261441.7744835,902.9617834
30322,365900.632047,2261441.714902,902.99882968
400230,0,0,0
400231,0,0,0
400232,0,0,0
400233,0,0,0
400234,365947.3813,2261169.7236,899.7439928
400235,0,0,0
400236,365947.2914,2261167.668394,899.73598392
400237,0,0,0
400238,365810.194195,2261226.26389,897.17872934
400239,0,0,0
400240,365810.166002,2261206.723752,896.88425484
400241,0,0,0
600231,365959.574615,2261166.721375,903.48754271
600232,365948.617687,2261166.7935525,903.16926456
600233,365954.284014,2261166.857402,903.3309758
600234,365954.380743,2261170.69615,903.42723945
600235,365948.5836305,2261170.7354,903.38052548
600236,365959.916651,2261170.6791,903.64332448
600237,365808.944382,2261205.799219,900.5166575
600238,365804.4574245,2261205.8652705,900.1459062
600239,365809.0199865,2261207.7010505,900.45701483
600240,365804.3788325,2261207.598135,900.120504
600241,365808.9886245,2261225.2765905,900.4764612
600242,365804.4498,2261225.257423,900.38455872
600243,365809.099639,2261227.171912,900.6550526
600244,365804.3695685,2261227.2365265,900.43825984
